{
	"camera": {
		"intrinsic": [
			[380.23504638671875, 0.0, 321.271728515625],
			[0.0, 379.7584228515625, 245.73829650878906],
			[0.0, 0.0, 1.0]
		],
		"extrinsic": [
			[1, 0, 0, 1],
			[0, 1, 0, 2],
			[0, 0, 1, 3],
			[0, 0, 0, 1]
		],
		"distortion": [1, 2, 1, 2, 3]
	}
}
